﻿<?xml version="1.0" encoding="utf-8" ?>
<!-- This file contains job definitions in schema version 2.0 format -->

<job-scheduling-data xmlns="http://quartznet.sourceforge.net/JobSchedulingData" xmlns:xsi="http://www.w3.org/2001/XMLSchema-instance" version="2.0">

  <processing-directives>
    <overwrite-existing-data>true</overwrite-existing-data>
  </processing-directives>

  <schedule>

    <!--PullDeriverUserInfo 任务配置 -->
    <job>
      <name>DeriverUserInfoJob</name>
      <group>DeriverUserInfo</group>
      <description>DeriverUserInfoJob</description>
      <job-type>XYAuto.BUOC.BOP2017.GdtDeriveUserInfo.QuartzJobs.PullDeriveUserInfoJob,XYAuto.BUOC.BOP2017.GdtDeriveUserInfo</job-type>
      <durable>true</durable>
      <recover>false</recover>
    </job>
    <trigger>
      <cron>
        <name>DeriverUserInfoJobTrigger</name>
        <group>DeriverUserInfo</group>
        <job-name>DeriverUserInfoJob</job-name>
        <job-group>DeriverUserInfo</job-group>
         <!--从start-time起，每5s执行一次IJob.Execute-->
        <start-time>2017-10-18T00:00:00+00:00</start-time>
        <!--格式： [秒] [分] [小时] [日] [月] [周] [年]-->
        <cron-expression>0 0/30 * * * ?</cron-expression>
      </cron>
    </trigger>

    <!--PullDuplicateJob 任务配置 -->
    <job>
      <name>PullDuplicateJob</name>
      <group>PullDuplicate</group>
      <description>PullDuplicateJob</description>
      <job-type>XYAuto.BUOC.BOP2017.GdtDeriveUserInfo.QuartzJobs.PullDuplicateJob,XYAuto.BUOC.BOP2017.GdtDeriveUserInfo</job-type>
      <durable>true</durable>
      <recover>false</recover>
    </job>
    <trigger>
      <cron>
        <name>PullDuplicateJobTrigger</name>
        <group>PullDuplicate</group>
        <job-name>PullDuplicateJob</job-name>
        <job-group>PullDuplicate</job-group>
         <!--从start-time起，每5s执行一次IJob.Execute-->
        <start-time>2017-10-18T00:00:00+01:00</start-time>
        <!--格式： [秒] [分] [小时] [日] [月] [周] [年]-->
        <cron-expression>0 0 0/1 * * ?</cron-expression>
      </cron>
    </trigger>

  </schedule>
</job-scheduling-data>