{
  "Status": 0,
  "Message": "OK",
  "Result":    {
                    "AdvertiserInfo":
                              [{
                                      "UserId":"5",
                                      "UserName":"张天翼",
                                      "Mobile":"13576735725",
                                      "SubGuestType":[1,2],
                                      "Number":2,
                                      "Operater":"小灰灰",
                                      "CompanyName":"神话故事"
                              }],
                        "TotalCount":200 
                }
}