{
    "Status": 0,
    "Message": "ok",
    "Result": 
        {
            "DemandBillNo": 1,
            "BrandInfos": [
                {
                    "BrandId": 192,
                    "BrandName": "奥迪"
                },
                {
                    "BrandId": 193,
                    "BrandName": "宝马"
                }
            ],
            "SerieInfos": [
                {
                    "SerialId": 2633,
                    "SerialName": "奥迪R8（进口）",
                    "BrandId": 192,
                    "BrandName": "奥迪"
                },
                {
                    "SerialId": 2445,
                    "SerialName": "奥迪A8L（进口）",
                    "BrandId": 192,
                    "BrandName": "奥迪"
                },
                {
                    "SerialId": 2445,
                    "SerialName": "宝马A8L1",
                    "BrandId": 193,
                    "BrandName": "奥迪"
                },
                {
                    "SerialId": 2445,
                    "SerialName": "宝马A8L2",
                    "BrandId": 193,
                    "BrandName": "奥迪"
                },
                {
                    "SerialId": 2445,
                    "SerialName": "宝马A8L3",
                    "BrandId": 193,
                    "BrandName": "奥迪"
                }
            ],
            "ProvinceInfos": [
                {
                    "ProvinceId": 1,
                    "ProvinceName": "安徽"
                },
                {
                    "ProvinceId": 2,
                    "ProvinceName": "河南"
                }
            ],
            "CitysInfos": [
                {
                    "CityId": 102,
                    "CityName": "安庆",
                    "ProvinceId": 1,
                    "ProvinceName": "安徽"
                },
                {
                    "CityId": 102,
                    "CityName": "南阳",
                    "ProvinceId": 2,
                    "ProvinceName": "安徽"
                },
                {
                    "CityId": 102,
                    "CityName": "安阳",
                    "ProvinceId": 2,
                    "ProvinceName": "安徽"
                },
                {
                    "CityId": 102,
                    "CityName": "信阳",
                    "ProvinceId": 2,
                    "ProvinceName": "安徽"
                }
            ]
        }
}