{
    "Status": 0,
    "Message": "OK",
    "Result": {
        "Demand": {
            "DemandId": 1,
            "DemandBillNo":123,
            "Name": "需求名称",
            "AuditStatusName": "待投放",
            "BrandAndCarSerialList":  ["奥迪","宝马","奔驰","大众","CC"],
            "ProvinceAndCityList":  ["北京","上海","深圳","重庆","海南"],
            "DistributorList": ["经销商1","经销商2","经销商3","经销商4","经销商5"],
            "PromotionPolicy": "促销政策",
            "TotalBudget": 11111,
            "DuringDate": "（共11天）2011年1月1日-2011年1月11日",
            "ClueNumberStr": "99（约每日线索量：20个，线索单价：3.00元）",
            "CreateUserName": "哈哈",
            "ADLastUpdateTime":"2011-01-01 11:00:00",
            "RejectReason":"xxx"
        },
        "ADGroupList": [
            {
                "AdgroupId": 1,
                "SystemStatusName": "广告状态",
                "AdgroupName": "广告名称",
                "TotalImpression": 111,
                "TotalClick": 222,
                "AvgClick": 222,
                "OrderQuantity":111,
                "BillOfQuantities":222,
                "TotalCost": 111
            }
        ]
    }
}