{
    "Status": 0,
    "Message": "OK",
    "Result": {
        "List": [
            {
                "DemandId": 111,
                "DemandBillNo":222,
                "Name": "需求名称",
                "CreateUserName": "创建人",
                "CreateTime": "2010-01-01 11:11:11",
                "UpdateTime": "2010-01-01 11:11:11",
                "AuditTime": "2010-01-01 11:11:11",
                "BelongYY": "运营",
                "AuditStatusName": "待投放",
                "ADCount": 10
            }
        ],
        "TotalCount": 99
    }
}