{
    "Status": 0,
    "Message": "ok",
    "Result": {
        "DemandBillNo": 111,
        "DemandName": "需求名",
        "Status": 1,
        "StatusName": "投放中",
        "GroundInfo": [
            {
                "PromotionUrl": "http://data.chitunion.com/DispenseManager/DispenseList.html",
                "CarInfo": [
                    {
                        "BrandId": 192,
                        "BrandName": "奥迪",
                        "SerialId": 2633,
                        "SerialName": "奥迪R8（进口）"
                    },
                    {
                        "BrandId": 192,
                        "BrandName": "奥迪",
                        "SerialId": 2633,
                        "SerialName": "奥迪R8（进口）"
                    }
                ],
                "AreaInfo": [
                    {
                        "ProvinceId": 1,
                        "ProvinceName": "安徽",
                        "CityId": 102,
                        "CityName": "安庆"
                    }
                ],
                "DeliveryList": [
                    {
                        "DeliveryId": 12,
                        "DeliveryTypeName": "广点通",
                        "AdSiteSetName": "手机QQ及浏览器",
                        "AdCreativeName": "广告创意",
                        "AdName": "广告名称",
                        "PromotionUrl": "http://data.chitunion.com/DispenseManager/DispenseList.html",
                        "CampaignName": "推广计划",
                        "AdgroupName": "广告组名称"
                    }
                ]
            },
            {
                "PromotionUrl": "http://data.chitunion.com/DispenseManager/DispenseList.html",
                "CarInfo": [
                    {
                        "BrandId": 192,
                        "BrandName": "宝马",
                        "SerialId": 2633,
                        "SerialName": "奥迪R8（进口）"
                    },
                    {
                        "BrandId": 192,
                        "BrandName": "奥迪",
                        "SerialId": 2633,
                        "SerialName": "奥迪R8（进口）"
                    }
                ],
                "AreaInfo": [
                    {
                        "ProvinceId": 1,
                        "ProvinceName": "安徽",
                        "CityId": 102,
                        "CityName": "安庆"
                    }
                ],
                "DeliveryList": [
                    {
                        "DeliveryId": 12,
                        "DeliveryTypeName": "广点通",
                        "AdSiteSetName": "手机QQ及浏览器",
                        "AdCreativeName": "广告创意",
                        "AdName": "广告名称",
                        "PromotionUrl": "http://data.chitunion.com/DispenseManager/DispenseList.html",
                        "CampaignName": "推广计划",
                        "AdgroupName": "广告组名称"
                    }
                ]
            }

        ]
    }
}