{
    "Status": 0,
    "Message": "ok",
    "Result": {
        "List": [
            {
                "DemandBillNo": 900,
                "BrandId": 8,
                "BrandName": "北汽",
                "SerielId": 2049,
                "SerielName": "勇士",
                "ProvinceName": "安徽",
                "CityName": "巢湖",
                "PromotionUrl": "http://data.chitunion.com/DispenseManager/DispenseList.html",
                "DeliveryCount": 4,
                "GroundId": 1
            },
            {
                "DemandBillNo": 900,
                "BrandId": 8,
                "BrandName": "北汽",
                "SerielId": 2049,
                "SerielName": "勇士",
                "ProvinceName": "安徽",
                "CityName": "巢湖",
                "PromotionUrl": "http://data.chitunion.com/DispenseManager/DispenseList.html",
                "DeliveryCount": 4,
                "GroundId": 1
            }
        ],
        "TotleCount": 1
    }
}