 {
  "Status": 0,
  "Message": "OK",
  "Result":    {
                    "UserId":"5",
                    "UserName":"张天翼",
                    "Mobile":"13576735725",
                    "AccountId": 43000000,
                    "CustomerName":"小崽子",
                    "CashBalance":50.65,
                    "VirtualBalance": 5000.44,
                    "DividedBalance": 600.41,
                    "SilverCardBalance":5877.64,
                    "TodaySpend":52.34,
                    "Number":2,
                    "Operater":"小灰灰",
                    "CompanyName":"神话故事"
                }
}